{"text": " THAT TO AS SOGOMA", "segments": [{"id": 0, "seek": 0, "start": 0.0, "end": 2.56, "text": " THAT TO AS SOGOMA", "tokens": [50382, 15532, 8232, 7469, 10621, 38, 5251, 32, 50492], "temperature": 1.0, "avg_logprob": -2.704152297973633, "compression_ratio": 0.68, "no_speech_prob": 0.20497366786003113}], "language": "ms"}